customer_id,name,age,city,join_date
1,Oscar Williams,58,Chandlerborough,05-08-2025
2,Rebecca Rivera,25,Vaughnberg,13-08-2024
3,Dawn Mcpherson,19,Cantubury,28-06-2023
4,John Mitchell,65,New Mark,23-06-2022
5,Miss Terri Smith,35,Jennifershire,20-06-2025
6,Omar Smith,33,West Glenn,03-07-2024
7,Kevin Ryan,32,New Kellymouth,17-07-2025
8,Alexandria Hughes,26,New Keithport,19-08-2025
9,Jacqueline Foley,65,Davidville,07-09-2023
10,Anne Bailey,24,New Ronnie,31-10-2025
11,Edwin Wong,61,Fosterstad,04-04-2024
12,Carmen Gonzalez,65,East Cynthiaborough,13-03-2023
13,Priscilla Walker,52,Nicholasside,26-06-2025
14,Robert Jones,23,Wolfeview,09-07-2024
15,Ian Ramirez,55,New Tylershire,01-12-2024
16,Nicholas Mosley,45,Port Lisabury,12-12-2022
17,Daniel Wilson,20,Juanmouth,09-02-2025
18,Brandon Cruz,19,Port Robin,22-10-2024
19,Lori Hickman,23,Samanthaberg,22-04-2024
20,Miranda Wright,31,East Chelsea,14-05-2023
21,Stephanie Schultz,32,New Erika,11-01-2025
22,Chelsea Henry,50,Gomezbury,27-04-2023
23,Amy Grant,56,Meganland,13-01-2024
24,Brady Scott,19,Lake William,25-09-2022
25,Scott Hall,53,Port Amy,25-06-2024
26,Bradley Howell,30,Paulside,22-04-2023
27,Dennis Hall,63,West Walter,03-11-2024
28,Cynthia Wolfe,59,North Laura,10-03-2023
29,Tina Lee,62,Lake Kylie,08-06-2024
30,James Vang,52,South Emma,09-04-2025
31,Gregory Thomas,44,Port Gina,23-03-2022
32,Jamie Hurst,32,New Johntown,01-09-2025
33,William King,46,South Frankburgh,27-04-2023
34,Shelby Black,55,Riverastad,19-02-2022
35,Margaret Mitchell,35,Jacksontown,01-12-2022
36,Philip Campbell,18,Jesseside,13-03-2022
37,David Gordon,28,Mckayburgh,06-10-2022
38,Alexandra Shepard,62,North Nataliechester,08-10-2023
39,Stephanie Hancock,45,Stephenside,31-12-2021
40,Alan Freeman,39,Blackmouth,04-08-2025
41,Angela Solis,35,Lambertfurt,13-11-2024
42,Brooke Ruiz,27,Danielleberg,23-01-2022
43,Kylie Gonzalez,31,North Kristen,27-01-2024
44,Paul Melton,39,Kiaraport,17-12-2024
45,Joseph Frost DVM,24,Griffithside,26-05-2024
46,Emily Mitchell,23,Pottschester,18-06-2023
47,Melissa Acevedo,42,Lake Joseph,04-06-2023
48,Angela Green,24,South Paul,30-03-2022
49,Mark Mclean,40,Williamsfort,20-07-2024
50,Dwayne Rhodes,40,West Emilymouth,20-12-2023
51,Taylor Holland,56,Paulburgh,05-09-2024
52,Edward Cook,34,West Jesse,29-12-2023
53,Elijah Leblanc,20,Richberg,11-09-2023
54,Kyle Johnson DDS,64,North Sarah,20-05-2023
55,Chris Perry,47,New Joshua,17-07-2024
56,Christopher Hernandez,52,Robertchester,20-02-2022
57,Kimberly Castillo,25,Kellymouth,05-12-2024
58,Paula Crawford,42,Davisborough,02-10-2022
59,Philip Evans,23,Avilamouth,23-04-2024
60,Mariah Petersen,53,Port Isabella,19-02-2024
61,Kelsey Bautista,36,Michaelborough,07-02-2023
62,Jacqueline Wu,58,West Heather,27-08-2022
63,Brittany Lane,57,Lake Stevenstad,28-12-2022
64,Kaitlyn Odonnell,41,West Christopherview,01-10-2025
65,James Sweeney,54,Port Brendaberg,23-12-2023
66,Jesus Orr,30,New Joshua,17-06-2024
67,John Williams,63,South Sheila,27-05-2023
68,Kevin Short,22,Gibsonton,12-08-2025
69,Matthew Tyler,20,Jenniferhaven,25-08-2024
70,Joshua Williamson,60,Lauraburgh,18-10-2025
71,Rachel Rodriguez,32,Collinshaven,09-12-2025
72,Shane Gardner Jr.,36,Port Gail,10-12-2021
73,Taylor Rodriguez,23,Lake Robert,12-09-2022
74,Tiffany Matthews,32,New Arthurview,23-01-2022
75,Beth Foley MD,24,Huntland,15-02-2025
76,Raymond Tran,42,Port Kimberlychester,22-01-2024
77,Jacob Drake,35,Port Lisaport,17-06-2023
78,Jose Doyle,47,Evanstown,06-06-2022
79,Lisa Reed,58,New Maria,15-07-2024
80,Heidi Serrano,41,Port Christyhaven,22-08-2024
81,Susan Williamson,28,Port Christopher,06-07-2024
82,David Scott,41,Turnerstad,28-08-2023
83,Jose Watts DDS,40,Port Christopherfort,15-01-2024
84,Sharon Hicks,31,West Pedro,22-12-2024
85,Amber Fields,60,Port Jessica,28-07-2024
86,Kristen Hanna,35,New Lucas,27-07-2024
87,Pamela Johnson,62,North Paula,26-12-2024
88,Vanessa Fleming,61,Kingstad,14-08-2025
89,Laura Johnson,59,Lake Samanthamouth,26-10-2025
90,Monica Ingram,22,Port Randychester,26-02-2025
91,Samantha Martinez,56,South John,01-04-2025
92,Alex Briggs,58,North Timothyberg,09-05-2024
93,Abigail Hayden,28,Cookview,20-06-2022
94,Victoria Young,52,North Jennifermouth,08-11-2024
95,Christopher Jacobson,64,Mistyberg,26-10-2024
96,Jorge Stewart,33,Terryburgh,04-01-2025
97,Paul Weber,28,New Brianaborough,30-12-2024
98,John Johnson,47,Hernandezton,11-10-2023
99,Kristi Kelley,42,North Beth,17-10-2022
100,Julie Jarvis,35,Scottmouth,20-12-2024
101,Janet Sloan,58,Johnmouth,22-10-2023
102,Andrew Anderson,62,New Savannah,10-10-2022
103,Bradley Bennett,53,Sandovalstad,24-05-2023
104,Jill Castillo,32,Lake Billchester,08-07-2023
105,Anthony Gay,61,Rodriguezland,05-05-2024
106,Mary Knight,38,Evansmouth,02-04-2025
107,Ashley Harper,21,Lake Tina,10-02-2022
108,Nathaniel Russo,32,New Laura,14-11-2024
109,Robert Coleman,20,Williamsshire,08-12-2023
110,Deborah Richardson,38,Danielberg,28-06-2024
111,Patricia Keith,43,Nathanielborough,05-08-2025
112,Amber Perez,35,Samanthatown,29-12-2021
113,John Turner,22,North David,29-07-2025
114,Matthew Gomez,31,Kaneville,01-10-2022
115,David Ortega,54,Hensleyfurt,18-01-2023
116,Cheryl Smith,63,Maloneport,13-04-2022
117,Bobby Carter,38,Ralphtown,06-07-2023
118,Shannon Blair,31,Seanbury,18-05-2022
119,Austin Krause,59,Brianchester,07-05-2024
120,Samuel Sampson,49,Lake Kaitlinville,14-05-2024
121,Jesse Potter,43,Lynnburgh,03-03-2023
122,Carrie Moyer,59,Johnsonside,09-08-2022
123,Kimberly Whitney,47,Josehaven,17-09-2024
124,Michael Harrison,27,Ellisberg,15-11-2022
125,Gregory Wilson,34,New Chelseamouth,19-08-2024
126,Jennifer Woods,26,Julieport,17-12-2021
127,Brian Martinez,33,East William,16-03-2025
128,Katelyn Velasquez DDS,65,Kaylatown,23-10-2022
129,Matthew Williams,53,East Matthew,18-08-2025
130,Molly Grant,52,Diazland,23-06-2023
131,Gary Mullen,34,East Barbarafurt,27-12-2022
132,Andrea Clark,65,Hudsonton,14-01-2024
133,John Cook,55,Lake Keith,30-08-2023
134,Rebecca Mills,45,Tiffanyland,24-10-2022
135,Robert Lopez,55,New Judith,17-10-2025
136,Jennifer Lopez,43,Emmabury,14-07-2023
137,Jeffrey Walker,41,Alexanderchester,17-01-2023
138,Donna Smith,32,Candaceton,21-01-2024
139,Haley Ross,26,Wilcoxside,13-05-2022
140,Casey Johnson MD,50,Ericbury,09-08-2025
141,Natasha Franklin,49,Jaredport,18-06-2022
142,Elizabeth Flores,23,West Cynthia,26-03-2024
143,Jason Graham,21,Reeseview,22-01-2024
144,Jessica Fernandez,25,Kimmouth,11-05-2025
145,Alexandra Gordon,27,North Amystad,12-02-2024
146,Rick Cox,58,Wallaceton,10-12-2021
147,Scott Yang,28,Bethanyfurt,14-04-2024
148,Tammy Hayes,61,Ellisontown,07-12-2023
149,Calvin Young,45,West Kellychester,24-01-2024
150,Joshua Alvarado,56,Timothyville,30-04-2024
151,William Hill,22,New Tracyhaven,15-07-2025
152,Tiffany Baxter,42,Port Gregorychester,03-07-2025
153,Cheryl Bryant,42,Lake Amber,31-01-2022
154,Jessica Martinez,56,Chadshire,19-12-2022
155,Jonathan Gonzales,47,Leeberg,10-01-2025
156,Anne Parker,51,Theodoreland,18-11-2024
157,Carrie Short,34,Grimesberg,17-08-2023
158,Charles Jacobs,53,South Williamburgh,21-04-2022
159,Kelly Morales,18,New Roger,15-02-2025
160,Brianna Phelps,61,Kaylachester,12-02-2022
161,Ryan Wilson,64,West Glen,09-06-2025
162,Jamie Singh,25,Hansenville,29-07-2022
163,Debra Hunter,61,Lake Monica,08-05-2025
164,Dawn Miller,52,Port Vanessa,04-01-2023
165,Brianna Hinton,35,Crossport,08-01-2022
166,Daniel Jensen,59,Lake Keithberg,30-08-2023
167,Seth Nichols,39,Larryfort,28-10-2025
168,Susan Ramirez,25,Lake Ashley,04-08-2023
169,Natasha Clark,36,Lake Courtneyland,15-04-2024
170,Diane Davis,45,Angelaside,18-07-2023
171,Monica Aguilar,28,West Ashley,18-11-2024
172,William Dunlap,47,Robinsonstad,30-10-2022
173,Timothy Briggs,18,Patriciaside,26-09-2025
174,Jennifer Castillo,64,North Douglasberg,07-12-2023
175,Joseph Mullins,64,Bradleybury,08-08-2025
176,Monique Aguilar,34,New Aaron,21-07-2024
177,Robert Gordon,50,Michaelton,19-01-2022
178,Larry Jensen,29,New Kenneth,17-05-2023
179,Steven Ortiz,50,New Roger,27-07-2023
180,Melissa Steele,24,Robertsfurt,08-05-2025
181,Derrick Smith,58,Lake Martinburgh,29-01-2023
182,Leslie Alexander,37,New Stacy,06-10-2024
183,Scott Young,58,East Josephport,14-05-2022
184,Randy Alexander,50,Carpenterview,14-06-2024
185,Taylor Oliver,56,Cynthiaview,20-07-2023
186,Catherine Wilkinson,30,Briannaport,30-01-2022
187,Mary Lawson,27,Port Donnaburgh,18-05-2022
188,Morgan Allen,41,Port Jamesberg,14-01-2023
189,Monique King,28,Michaelshire,16-09-2022
190,Johnathan Burnett,52,South Jeffrey,16-06-2024
191,Michael Booth,51,West Melvinview,25-02-2022
192,Jeffrey Lee,18,West Juanshire,22-12-2023
193,John Elliott,56,Cassandratown,03-02-2022
194,Jennifer Gutierrez,38,Alexisview,27-10-2024
195,Nancy Oneal,49,Port Calvinberg,10-11-2023
196,Luis Reed,19,East Rachelside,03-05-2025
197,Christopher Barber DDS,25,Port Richard,03-05-2023
198,Tiffany Vargas,41,Emilyland,21-08-2022
199,Kenneth Roberts,37,New Elizabeth,06-09-2024
200,Michael Hutchinson,33,Farrellhaven,08-01-2022
201,Eddie Lee,21,Poncetown,07-03-2025
202,Mary Cooper,33,Joyceton,25-08-2023
203,James Roberts,54,Paulton,13-03-2024
204,Douglas Reed,23,South Marie,16-12-2024
205,Stacey Powell,23,Gomezside,26-04-2025
206,James Patel,64,East Sandraland,15-09-2023
207,James Fowler,49,North Tim,09-12-2025
208,Christopher Melton,22,New Ellen,03-05-2025
209,David Flowers,52,Johnsonport,13-05-2022
210,Stephanie Hernandez,26,Cranemouth,29-08-2025
211,Kyle Lopez,26,New Lauraberg,14-06-2025
212,Deborah Holt,60,Annabury,12-02-2025
213,Cindy Mckenzie,48,South Tonya,05-10-2023
214,Robert Hicks,53,Wrightfurt,15-04-2023
215,Bryce Pittman,28,Fernandezberg,22-03-2025
216,Rebecca King,34,Rodriguezview,07-07-2025
217,Carla Hill,51,Walkerview,29-04-2023
218,Nicole Thompson,56,Fisherburgh,09-06-2025
219,Jack Pearson,45,Lake Ariana,25-09-2023
220,Danielle Robbins,31,East Matthew,12-01-2022
221,Gina Vaughan,52,East Amberville,28-08-2022
222,Doris Gutierrez,64,Darrenchester,10-12-2024
223,Thomas Woods,62,Jamesbury,20-06-2023
224,Aaron Le,30,North Susanborough,16-09-2022
225,Ashley Elliott,63,Shanefort,07-07-2022
226,Marissa Douglas,37,Port Erica,16-12-2024
227,Kimberly Moore,43,New Anitatown,05-09-2022
228,James Nguyen,60,East Amyburgh,28-09-2024
229,Michelle Leon,59,Willieville,11-02-2025
230,Harold Williams,41,Angelton,26-07-2025
231,Brittany Gutierrez,46,New Brandystad,29-11-2023
232,Teresa Hamilton,51,Westhaven,02-02-2023
233,Carmen Hardy DDS,46,Brianview,27-11-2024
234,Kendra Roberson,25,Erichaven,20-12-2023
235,Michael Torres,33,Owenberg,05-10-2023
236,Richard Brown,32,Antoniohaven,31-10-2024
237,Jeffrey Graham,22,Danielsside,27-03-2023
238,Laurie Barron,39,New Crystalchester,24-04-2025
239,Elizabeth Baxter,19,Santanaside,24-05-2022
240,Ian Brown,55,Thomastown,13-11-2024
241,Melanie Brown,53,Port Michaelfurt,26-02-2022
242,Shane Smith,32,East Michelleside,08-05-2022
243,Patricia Mitchell,55,Gonzalezbury,20-02-2022
244,Christine Daniels,32,Laurenland,28-01-2023
245,Leslie Johnson,18,Dawsonhaven,01-03-2024
246,Jason Cox,22,North Kelly,27-06-2022
247,Anthony Walsh,63,Courtneyville,20-05-2024
248,Lisa Jackson,58,North Joshua,16-05-2023
249,John Hall,21,Lake Waltertown,17-09-2023
250,Danielle Thomas,32,East Jeffreyborough,07-08-2025
251,Alan Burns,22,Nashside,10-03-2022
252,Anna Hendricks,20,Port Brittany,13-10-2025
253,Lynn Smith,39,South Brianna,14-02-2025
254,Ashley Obrien,22,Port Lisaview,02-01-2022
255,Christina Barrera,50,Robertmouth,23-01-2022
256,Cynthia Gregory,33,Davisberg,29-05-2022
257,Rachael Lopez,35,Dustinton,30-12-2023
258,Mark Chapman,60,Hamiltonburgh,16-05-2025
259,Angela Holland,49,New David,19-04-2024
260,Kevin Horton,31,West Peterfurt,22-01-2023
261,John Mitchell,52,South Matthew,20-06-2022
262,Evan Powell,26,New Stacy,06-03-2023
263,Joshua Franco,64,Maynardville,17-03-2025
264,Amber Patel,54,Patelview,19-01-2025
265,Nicole Mcgee,54,Anthonybury,23-03-2022
266,Lisa Lloyd,48,Port Christophershire,17-07-2022
267,Nancy Simmons,33,Briannafurt,18-03-2023
268,Lisa Blackwell,48,Port Jordan,11-02-2024
269,Shelby Blevins,44,East Wayne,25-12-2024
270,Allison Buchanan,30,Lake Jenniferfurt,11-01-2025
271,Patricia Lamb,24,Maynardchester,02-05-2025
272,Christopher Rose,24,West Deborahview,17-06-2023
273,Sean Bradley,60,Lake Jaredfurt,09-03-2025
274,Sean Compton,45,Katherinefort,12-01-2022
275,Jennifer Peterson,40,Catherineside,27-03-2022
276,Charles Rivera,45,East Brianshire,13-04-2025
277,Matthew Martinez,44,Alyssaberg,25-06-2025
278,John Aguilar,47,Port Debra,07-04-2023
279,Paula Sweeney,64,New Joseph,22-05-2023
280,Carol Stein,21,New Nicholasville,23-03-2022
281,Sean Rivers,61,South Kelly,19-01-2024
282,David Harrington,59,Port Scotttown,21-05-2024
283,Alexandria Harris,59,Aguilarfurt,20-09-2022
284,Matthew Thomas,24,Lake Austin,16-01-2024
285,Susan Ward,21,Port Carol,18-01-2023
286,Craig Perkins,43,Port Billytown,28-10-2023
287,Christopher Hudson,64,Port Patriciaberg,01-01-2022
288,John Deleon,39,Lake Haleyfurt,28-10-2025
289,Zachary Mcneil,24,New Jasmineview,21-02-2023
290,Daniel Johnson,33,West Tammy,20-11-2025
291,Robert Brown,30,Reedfort,30-08-2025
292,Daniel Roach,30,Lake Brendaview,06-02-2024
293,Carrie White,52,Goodwinmouth,23-02-2022
294,Mitchell Buckley,46,Hollandshire,25-05-2024
295,Ashley Perez,26,East Daniel,30-11-2022
296,Richard Evans,45,South Alexis,15-04-2022
297,Tiffany Lewis,29,South Amanda,15-08-2025
298,Raven Lopez MD,35,Victoriabury,12-06-2023
299,Eric Jensen,47,Lake Matthew,17-07-2023
300,Ellen Reed,33,East Emilybury,12-11-2025
301,Caleb Howard DVM,22,Williamsbury,09-11-2023
302,Joshua Hunt,46,Deborahberg,21-05-2024
303,Adam Morrison,53,Leefurt,21-10-2025
304,Shannon Moore,24,Penaville,02-08-2025
305,Jeremy Woods,21,West Danielle,09-10-2022
306,Steven Morales,59,Montgomeryview,12-12-2023
307,Cameron Blankenship,52,Port Samanthafort,10-03-2025
308,Donna Chan,18,North Ronald,26-12-2024
309,Jennifer Taylor,23,West Christopher,04-07-2023
310,Micheal Garcia,33,Emilyfort,15-06-2023
311,Andre Bailey,28,Crawfordview,31-08-2024
312,Robert Anderson,44,North Ann,25-02-2024
313,David Bennett,49,Kirkfort,20-11-2025
314,Javier Roman,48,Martinton,02-02-2023
315,Chelsea Cole,31,South Heatherborough,18-12-2021
316,Michael Munoz,43,Shawnville,30-07-2024
317,Charles Allison,21,Lake Glenn,24-04-2023
318,Kerry Gibson,28,South Cory,10-09-2023
319,Dakota Murillo IV,42,East Robert,29-12-2021
320,Christian Brown,18,East Bobbymouth,17-08-2025
321,Curtis Lutz,42,New Nancyton,20-01-2024
322,Benjamin Mercer,34,North Meganfurt,13-01-2023
323,Kenneth Brennan,47,Robertmouth,12-06-2023
324,Michael Allen,36,Angelaport,26-02-2025
325,Rachel Taylor,45,East Erin,03-01-2024
326,Laurie Larson,62,Elizabethchester,09-12-2022
327,Melissa Hubbard,64,Port Kathy,04-11-2023
328,Debra Smith,53,Velazquezmouth,23-11-2023
329,Karen Morgan,60,Moraleschester,19-04-2022
330,Mr. Dennis Horton,63,Christinastad,11-06-2024
331,Heather Blair,49,Justinbury,30-06-2022
332,Thomas Fisher,27,West Bailey,11-04-2023
333,Connor Zuniga,30,Lake Anthonyville,22-07-2024
334,Andrew Summers,36,South Joelview,04-07-2022
335,Timothy Anderson,31,Kevinview,08-09-2022
336,Samuel Howell,21,Lake Mariebury,07-04-2025
337,Joseph Rodriguez,55,New Joseph,24-09-2023
338,Laura Andrews,65,Thomasberg,20-11-2023
339,Keith Wilkinson,52,Michaelfort,27-03-2022
340,Robert Yoder,21,New Morgantown,12-10-2025
341,Alicia George,65,North Cindyshire,16-10-2025
342,Mary Harvey,38,Whiteville,22-09-2025
343,Javier Frey,21,New Aaronmouth,29-10-2024
344,Jessica Morrison,21,Kylechester,04-02-2022
345,Rodney Greene,55,South Brian,15-05-2022
346,Miguel Thompson,48,Port Jeremyton,15-08-2024
347,Joanna Reid,50,Port Ericaport,25-04-2022
348,David Foster,51,South Samantha,30-01-2022
349,Sharon Baker,28,Gravesfurt,26-08-2023
350,William Bailey,21,Steelefort,08-03-2022
351,Kenneth Miller,50,Port Justin,26-04-2025
352,Taylor Flowers,23,New Tiffany,02-08-2024
353,Allen Lee,29,Kingberg,20-07-2024
354,Jeffrey Coffey,22,Andrewsshire,03-10-2024
355,Thomas Norton,56,West Samuelmouth,14-04-2023
356,Dr. Michael Trujillo,22,South Lindsayview,17-12-2022
357,Eric Smith,61,Camachomouth,13-03-2023
358,Terry Larson,33,South Zachary,03-08-2023
359,Traci Garcia,43,New Ronniemouth,26-08-2022
360,Jeffrey Hatfield,25,New Richard,02-04-2022
361,Daniel Clark,54,Amandamouth,24-02-2025
362,Robert Watson,33,Ronaldview,28-06-2022
363,David Wheeler,55,Rosefurt,10-04-2025
364,Anthony Maddox,56,Port Marymouth,01-02-2024
365,Mathew Bryant,20,West Stacie,12-01-2025
366,Christine Zhang,57,North Lauraberg,23-02-2023
367,Jay Robinson DDS,23,East Steven,21-07-2024
368,Kari Wright,44,North Craig,10-06-2024
369,Robert Black,60,South Robert,03-03-2025
370,Rachel Thomas,55,Alexandramouth,18-01-2023
371,Amanda Mckee,54,Hollystad,09-01-2022
372,Jose White,51,Port William,07-06-2025
373,Jodi Crawford,38,Bowenstad,17-01-2025
374,Shelley Shepherd,34,East Ricardoborough,02-06-2023
375,Joshua Hoover,31,Michelleberg,02-10-2024
376,Haley Thompson,60,New Alexis,11-08-2023
377,Nicholas Lucas,63,Justinborough,16-05-2023
378,Wanda Garcia,38,Jameston,10-05-2022
379,Brianna Riley,33,Lauraland,30-03-2025
380,Andrew Madden,34,New Christopherhaven,26-08-2024
381,Lisa Cooke,43,East Charlesberg,26-05-2025
382,Joseph Deleon,26,Josephstad,23-02-2022
383,Jenna Williams,60,Collinschester,12-01-2023
384,James Garner,59,South Kylie,23-04-2025
385,Sonya Lee,37,Randolphbury,03-09-2022
386,Laura Erickson,47,Pughstad,05-04-2024
387,Steven Hernandez,38,Angelaton,29-07-2024
388,Jeffrey Parker,22,Navarroville,19-10-2022
389,Samantha Haynes,18,Terrimouth,24-11-2023
390,Anna Velez,47,Rickychester,28-09-2025
391,Timothy Cruz,57,Amberburgh,26-08-2023
392,Scott Taylor,54,Padillaland,01-08-2022
393,Jordan Olson,24,Thompsonburgh,27-05-2022
394,Jennifer Bentley,22,Blackwellstad,07-03-2024
395,Susan Soto,52,Rodriguezland,17-02-2022
396,Nathaniel Flores,31,New Amy,06-12-2023
397,David Campbell,50,Lake Brittanyburgh,10-06-2024
398,Madison Paul,34,South Cameron,07-05-2022
399,Patricia Wallace,26,West Kathryn,10-11-2023
400,Scott Thomas,40,Munozberg,29-09-2025
401,Anthony Lucas,22,Port Jamiehaven,04-08-2022
402,Deborah Meza,33,East Adrian,25-09-2024
403,Henry Leon,41,Gibsonside,10-11-2022
404,John Lynch,36,West Taratown,07-07-2024
405,Vanessa Green,28,Jamesland,26-08-2025
406,Jerry Smith,46,South Cassandrafort,16-12-2024
407,Wanda Franco,52,Michaelberg,15-03-2024
408,Dr. Anthony Williams,63,South Frances,04-04-2024
409,Jamie Sanders DVM,37,West Kelly,05-05-2024
410,Ashley Beck,57,East Robert,22-04-2024
411,Adam Moody,59,Chapmanhaven,13-06-2025
412,Victoria Sanchez,51,Copelandport,13-02-2024
413,Ashley Colon,18,North Daniel,06-10-2025
414,James Sherman,60,Parkfurt,16-12-2021
415,Henry Williams,53,North Heather,13-06-2025
416,Breanna Abbott,37,Diazborough,15-01-2025
417,Monica Cunningham,60,South Stephanie,29-01-2023
418,Tracy French,24,Angelmouth,19-02-2023
419,Heather Lin,26,Lake Justintown,15-01-2025
420,Roger Freeman,34,Caitlinmouth,27-05-2022
421,Melissa Gray,25,Kathrynmouth,15-10-2022
422,Cindy Bowman,24,South Robertland,23-11-2023
423,Joshua Harding,65,Medinastad,12-05-2024
424,Robin Bryant,53,New Michelleport,30-07-2023
425,Kenneth Padilla,27,Lake Shane,24-07-2025
426,Elizabeth Maxwell,35,New David,22-10-2022
427,Mrs. Raven Brown,36,East Mark,09-10-2022
428,Samuel Copeland,56,East Nicholas,03-04-2022
429,David Gutierrez,31,Murphystad,08-11-2023
430,Nancy Becker,63,North Daniel,08-10-2025
431,Janet Wolfe,39,Johnmouth,27-11-2024
432,Michael Richardson,31,West Jenniferport,21-12-2021
433,Cynthia Todd,61,Youngbury,07-11-2025
434,Cynthia Young,58,Andersonland,16-07-2023
435,Terri Prince,34,North Adrienne,27-07-2022
436,Kevin Rodgers,50,North Sarahmouth,10-11-2024
437,Kayla Castillo,49,Jamiefort,27-11-2024
438,Carrie Cook,34,Madisonhaven,04-07-2022
439,Edwin Turner,21,Petersonchester,04-02-2024
440,Meagan Calderon,23,Jeffersonview,10-01-2025
441,Robin Ramirez,58,East Sharon,21-10-2023
442,Ashley Ingram,45,Virginiamouth,17-07-2022
443,Bethany Bell,35,Chamberstown,26-04-2024
444,Joy Warren,20,Christopherland,15-07-2022
445,Daniel Flores,18,North Markmouth,22-03-2025
446,Carolyn Davis,39,Rodriguezville,28-03-2023
447,Angela Noble,26,West Keithfurt,18-04-2022
448,Michael Hernandez MD,58,Robertsshire,13-08-2023
449,Shirley Rivera,34,New Laurabury,07-02-2024
450,Kenneth Jones,28,Lake Dianahaven,29-04-2023
451,William Patterson,65,Lake Dylanmouth,13-08-2024
452,Scott Chaney,46,Port Danmouth,04-06-2022
453,Alyssa Garcia,53,North Jenniferfurt,01-07-2023
454,Heather Key,63,New Christopher,02-09-2023
455,Ryan Morton,45,Acostafurt,19-10-2022
456,Christine Peterson,53,Lake Lisa,25-09-2022
457,David Terrell,18,Singletonside,08-12-2025
458,David Morrison,25,Tammyton,21-01-2023
459,Michael Daugherty DVM,22,Lake Elizabeth,10-06-2022
460,Tony Gay,62,Thomasport,03-04-2023
461,Jeffrey Kennedy,27,Wolfechester,06-03-2022
462,Amanda Arnold,52,Davisburgh,09-05-2023
463,Dr. Barbara Sanders,20,Martinport,16-10-2025
464,Dr. Henry Mcknight,41,New William,27-06-2023
465,Brianna Erickson,55,West Mark,30-09-2024
466,Henry Martinez,53,Sheppardstad,01-05-2023
467,Randy Landry,27,Coxland,24-06-2024
468,Jenna Nelson,45,Port Scott,16-04-2023
469,Amber Anderson,26,Port Carlos,01-05-2023
470,Kevin Lucero,20,Port Lindashire,15-08-2024
471,Willie Hill,37,Mariaton,22-11-2022
472,Bradley Meyer,41,West Adam,11-08-2024
473,Kenneth Mooney,20,Watkinsview,10-03-2022
474,Katie Hayden,40,Port Destinyborough,11-04-2022
475,Brittney Goodwin,31,Andersonshire,07-08-2023
476,Jeff Lynn,61,Christinaville,21-02-2024
477,Terry Nolan,33,Ianmouth,08-07-2023
478,Michelle Carpenter,60,West Olivia,04-06-2023
479,Robert Gibson,24,North Alyssa,24-07-2023
480,Kelly Lyons,40,Port Kerriville,30-05-2023
481,Michael Saunders,53,Taylormouth,12-03-2023
482,Taylor Rivera,44,Melendezport,29-08-2023
483,Melinda Gonzales,57,New Robinfort,20-03-2023
484,Felicia Morrison,65,Lake Nicholas,06-10-2025
485,Dr. Megan Osborn MD,27,Josephville,01-05-2025
486,Donna Webb,33,Port Joannahaven,11-04-2024
487,Emily Randall,28,North Samantha,26-01-2024
488,Cynthia Lawson,29,East Brucehaven,19-11-2024
489,Carl Garza,44,Brettstad,18-11-2023
490,Stephanie Wallace,19,Port Jessica,18-02-2023
491,Ana Montes MD,29,Johnchester,28-05-2025
492,Rebecca Hunter,65,Port Scottburgh,01-07-2024
493,Stephen Berry,39,Lake Jonathanchester,28-02-2025
494,Dr. Christopher Green DDS,44,Port Samantha,14-06-2023
495,Nathan Adams,60,West Anthonyton,09-03-2022
496,Robert May,65,Leechester,10-04-2022
497,Laura Brown,33,South Crystalside,21-04-2023
498,Brian Garner,35,Port Judy,16-01-2023
499,Jason Buchanan,28,Jacksonberg,30-09-2025
500,Rebecca Hickman,62,Morrowstad,16-02-2024
501,Denise Cortez,24,Brianchester,15-04-2025
502,Edward Bell,42,Burnsbury,22-01-2023
503,Joel Berry II,20,Desireeshire,30-09-2024
504,Matthew Lewis,48,South Nicole,02-09-2022
505,Katherine Moore,32,Burnsview,25-12-2024
506,Chelsea Guzman,30,Port Douglasview,26-10-2025
507,Lisa Ramirez MD,47,Georgemouth,07-09-2024
508,Gary Hall,40,West Johnny,18-06-2023
509,Michael Lynch,37,North Markshire,06-05-2024
510,Madison Humphrey,32,South Monique,25-04-2025
511,Sarah Obrien,32,New Michaelside,14-01-2022
512,Keith Cameron,19,Joyland,12-08-2023
513,Brittany Frank,60,West Christine,12-11-2024
514,Meredith Jackson,30,Port Sherry,02-02-2023
515,Sandra Carpenter,43,West Sarafurt,01-05-2024
516,Rebecca Atkinson,39,South Richardmouth,22-01-2024
517,Heidi Jordan DDS,35,Moonmouth,16-11-2023
518,Ryan Richard,22,Huffmanland,14-09-2024
519,Kevin Wilson,35,Andrewburgh,06-01-2025
520,Gary Barnes,40,Lloydton,31-08-2022
521,Julie Gaines,59,East Danielburgh,29-06-2022
522,Joshua Bishop,50,Anthonyhaven,28-03-2022
523,Yvonne Russo,43,West Amber,09-09-2023
524,Brenda Patel,61,Nicolehaven,30-11-2022
525,Francisco Hernandez,52,West Taylor,07-08-2024
526,Dawn Perez,39,Nelsonfort,26-08-2025
527,Collin Hayes,19,New Gregory,25-07-2024
528,Tina Pierce,25,Obrienmouth,15-01-2023
529,Francisco Adams,34,East Ryanberg,16-08-2024
530,Gerald Delgado,29,Erintown,31-12-2023
531,Leslie Harris,55,West Evelyn,31-12-2024
532,Holly Walker,34,Kirbyton,19-12-2023
533,Hannah Jordan,20,West Laurenchester,08-08-2023
534,Tyler Nichols,24,Lake Jamesburgh,18-03-2024
535,Julie Allen,56,Jennifershire,16-08-2023
536,Linda Miller,45,Sheilaside,05-08-2025
537,Karen Collier,40,Victoriabury,01-04-2024
538,Jonathan Camacho,64,West Audrey,16-04-2024
539,Alexis Lewis,38,Emilyville,08-07-2024
540,Andrea Snyder,45,Johnport,17-03-2024
541,John Price,56,Port Heather,14-11-2022
542,Lindsay Lutz,50,Lake John,22-05-2024
543,Jorge Molina,25,Port Joe,22-06-2023
544,Randall Maldonado,42,West Angela,12-10-2022
545,Samantha Melendez,54,Dianeborough,21-05-2023
546,Paul Peterson,30,Joanneborough,16-08-2025
547,Alexis Hernandez,34,North Amberberg,25-01-2022
548,Allison Baldwin,20,Leefurt,15-06-2024
549,Christopher Marshall,63,Brownstad,27-01-2024
550,Joshua Manning,45,Ariastown,20-12-2023
551,Mark Ellis,18,North Courtney,28-05-2022
552,Michael Hancock,51,Youngmouth,17-04-2025
553,Lindsay Robinson,52,Wallaceborough,28-03-2023
554,Eric Thomas,61,East Joshua,04-06-2024
555,Nicholas Cook,64,East James,14-11-2023
556,Tina Wright,65,South Clinton,19-05-2022
557,Tricia Snyder,65,New Melissachester,15-08-2025
558,Angela Hartman,60,Port Janet,19-08-2023
559,John Reed,30,Lake Laurachester,13-06-2024
560,Anna Taylor,41,Port Jennifer,21-02-2024
561,Steven Frank,45,South Jo,04-12-2025
562,Victoria Zavala,22,Brownchester,26-02-2023
563,Julian Love,60,Englishville,14-08-2025
564,Zachary Gonzalez,39,West Devin,25-06-2023
565,Zachary Brown,57,Cannonbury,21-10-2025
566,Mrs. Melissa Ryan,38,Finleyland,01-11-2024
567,Karen Morgan,60,Port Shannonstad,01-09-2023
568,Briana Martin,25,Port Cameron,05-12-2023
569,Anna Baker,64,Mathewsville,13-09-2025
570,Benjamin Dyer,37,South Evan,21-10-2025
571,Vanessa Crawford,50,Jennyfort,28-02-2024
572,Pam Brown,37,Lake Tyronestad,19-07-2023
573,Debbie Rhodes,60,Williamsbury,09-11-2023
574,Ryan Marks,44,Jamesbury,26-09-2025
575,Michael Hudson,38,East Joseph,27-12-2023
576,Judith Roberts,43,New Briana,05-06-2022
577,Nicholas Duncan,62,West Olivialand,02-10-2023
578,Suzanne Molina,36,Kingburgh,11-01-2024
579,Connor Collins,53,Mccoyfort,31-12-2024
580,Richard Richardson,26,Kaitlynstad,15-09-2023
581,Scott Walton,30,Wolfeburgh,10-07-2025
582,Daniel Mcguire,44,Lake Dorothy,24-07-2023
583,Michael Henry,60,Nealmouth,11-06-2022
584,Catherine Jones,42,Johnton,28-01-2024
585,Laurie Smith,61,North Carol,30-01-2025
586,John Boyd,65,New Eric,19-08-2022
587,Charles Cook,29,Lake Ashleyberg,16-09-2023
588,Michael Johnson,57,Port Kristastad,30-03-2024
589,William Barry,54,North Danieltown,14-04-2024
590,Amber Powell,37,Mistyport,10-04-2025
591,Gerald Brown,43,East Randalltown,04-06-2024
592,Michael Costa,53,Melissaville,04-08-2025
593,Rachel Bradley,18,South James,25-09-2022
594,Dawn Parker,37,Jeffreyfort,21-11-2022
595,Maxwell Thomas,36,Karenchester,20-08-2023
596,Brittany Thomas,31,Lake Nichole,03-01-2023
597,Jamie Anderson,45,West Timothyview,09-03-2022
598,Eric Long,55,Brooksbury,25-10-2024
599,Samuel Reed,56,North Candaceville,01-07-2022
600,Teresa Higgins,59,Lake Nicholeport,01-06-2025
601,Robert Nielsen,38,Aaronfort,19-03-2022
602,Jeffrey Reid,47,Lake Kevinland,13-10-2022
603,Howard Nelson,46,East Megan,20-11-2024
604,Shari Pineda,46,Bethanyhaven,23-07-2025
605,Amy Lopez,61,New Michael,21-04-2023
606,Cassandra Smith,31,South Teresa,29-05-2024
607,Kathleen Johnson,50,Carrollberg,27-02-2022
608,Miss Robin Jones,48,Port Chelsea,22-12-2023
609,Jose Johnson,65,New Tylerchester,09-05-2025
610,Jeffery Wong,28,New Annamouth,30-12-2021
611,Stacy Figueroa,60,Allenfurt,20-05-2022
612,Seth Daniels,23,New Shellyfurt,09-07-2025
613,Heather Nguyen,36,West Joelland,16-03-2022
614,Joshua Stephens,50,Nancyshire,28-08-2023
615,Randy Anderson,60,Lake Matthewstad,25-04-2023
616,Dominique Sanchez,58,Proctortown,17-08-2022
617,Crystal Phillips,57,Jameschester,29-02-2024
618,Kevin Brown,39,Blakeland,23-06-2022
619,Alan Smith,23,Sarahport,16-12-2021
620,Deanna Mccormick,33,North Shelbyfurt,30-03-2025
621,Christopher Robinson,61,Port Aaronton,09-04-2022
622,Jennifer Clark,37,East Barryville,12-02-2022
623,Carlos Frazier,32,Deanstad,25-03-2025
624,John Wright,30,South Laurahaven,30-07-2025
625,Casey Morris,27,West Crystal,17-03-2024
626,Riley King,19,Huynhmouth,12-11-2024
627,Darren Morales,20,South Christophershire,14-07-2022
628,Robert Cox,33,Lake Jamesport,23-06-2022
629,Robert Roth,48,Isaiahhaven,21-09-2025
630,Daniel Harris,57,Smithside,06-03-2022
631,James Fleming,22,Port Timothyhaven,16-07-2022
632,Tanya Miller,47,Huangville,26-09-2024
633,Meghan Gillespie,44,West Seanland,18-08-2024
634,Gary Hamilton,58,Lisafort,31-03-2024
635,Megan Pruitt,54,Thompsonfort,02-09-2025
636,Danielle Potter,30,Maryberg,19-08-2022
637,Jennifer Mason,63,Port Paultown,30-10-2022
638,Amanda Johnson,62,Emilyland,05-03-2024
639,Kelly Harvey,42,North Tina,12-05-2025
640,Nicole James,49,Leonardborough,15-11-2024
641,Gregory Parks,43,Russomouth,28-03-2023
642,Jason Rodriguez Jr.,33,Arnoldberg,10-04-2025
643,Martin Adams,27,Victoriamouth,08-01-2022
644,Wendy Levine,59,Port Benjamin,23-09-2023
645,Paul Brown,62,Johnport,30-04-2023
646,Karen Ramirez,18,Richardsonfort,20-08-2024
647,Michael Reed,24,Lake Shannon,03-04-2022
648,William Myers,45,Robertsmouth,21-07-2024
649,Gregory White,32,North Christopher,16-08-2024
650,Anthony Roberts,29,New James,16-02-2024
651,Lauren Bell,62,Fullerbury,09-05-2024
652,David Gray,51,Port Lance,17-04-2023
653,Brandon Cole,47,South Jessica,14-02-2025
654,Douglas Wagner,21,Burtonmouth,29-01-2022
655,Zachary Barajas,53,Wilsontown,10-05-2022
656,Nancy Carlson,33,West Erin,13-07-2023
657,Christina Price,25,New Shawn,03-02-2022
658,Dustin Myers DDS,47,Lake Melissa,20-03-2024
659,Jordan Cole,26,Cantrellview,22-10-2023
660,Casey Torres,47,Hodgesmouth,02-09-2022
661,Brittany Davis,60,Stephanieside,29-07-2024
662,Chloe Walker,51,Alexfort,09-12-2023
663,Reginald Rivera,53,Port Laurie,20-09-2023
664,Tyler Turner,56,Danielmouth,22-08-2023
665,Scott Valenzuela,38,Obrienfort,06-12-2022
666,Kim Perez,46,South William,13-05-2022
667,Eric Dunn,57,East Cynthiaton,23-04-2023
668,Paul Huffman,64,North Jessica,21-08-2022
669,Grant Carroll,50,Gardnerburgh,09-04-2024
670,Michael Foster,45,Palmerbury,13-04-2025
671,Adam Smith,53,East Craig,25-01-2022
672,Jessica Pierce,46,Millsmouth,06-10-2023
673,Elizabeth Clark,28,Debbieshire,14-10-2025
674,Paul Ryan,65,Andersonstad,18-06-2024
675,James Miller,48,Kellytown,02-05-2025
676,Jeffrey Cowan,46,West Cameron,01-06-2025
677,Jonathan Burke,34,New Debbie,27-07-2023
678,Shannon Soto,33,New Susan,15-07-2023
679,Angel Lane,58,Esteshaven,06-06-2024
680,Willie Riley,35,Victoriaburgh,20-07-2024
681,Dr. Aaron Mcconnell,51,Jennifermouth,03-04-2022
682,Nathan Gray,49,West Christinaview,24-11-2023
683,Denise Smith,58,North Joanna,22-03-2022
684,Brittany Warren MD,33,Davidhaven,24-09-2023
685,Alexandra Johnson,35,North Calebshire,23-07-2024
686,Lydia Colon,46,Cantrelltown,06-04-2022
687,Cynthia Malone,22,North Cindybury,11-01-2023
688,Jennifer Velasquez,63,Melissabury,26-04-2024
689,Douglas Walker,36,Jonesmouth,16-12-2021
690,Samantha Wheeler,33,Port Levishire,30-05-2024
691,Amanda Salazar,35,South Marvin,08-03-2025
692,Kenneth Chang,39,Port Howard,02-07-2024
693,Diane Scott,38,Watkinsborough,30-07-2024
694,Kevin Bruce,52,North Lisatown,27-06-2023
695,Johnathan Lee,23,West Meganside,02-08-2023
696,Terry Hernandez,26,East Susan,02-02-2023
697,Natalie Rowe,27,Josephfort,28-05-2022
698,Kayla Decker,32,West James,15-10-2025
699,Michael Stewart,42,East Alexandra,31-12-2022
700,Diane Black,62,South Deniseland,11-10-2025
701,Wendy Cruz,27,East Krista,09-04-2022
702,Jason Davis,63,Jenniferport,13-04-2024
703,Austin Estrada,31,Kellymouth,07-04-2025
704,David Wu,22,East Denise,22-12-2024
705,Charles Lawrence,44,Port Markbury,16-12-2024
706,Laura Yoder,44,Piercetown,21-06-2025
707,Gabriel Lopez,39,Masonview,11-05-2022
708,Crystal Simmons,52,Lake Jeffport,12-01-2023
709,Adam Smith DDS,47,Rowlandville,24-09-2024
710,Kimberly Mitchell MD,44,Rodriguezfurt,24-05-2022
711,Maurice Martinez,21,Jessicaburgh,27-06-2025
712,Mikayla Johnson,31,Dixonfurt,27-03-2023
713,Adam Wilson,44,East Christopher,05-04-2024
714,Vincent Haynes,42,South Melissa,02-12-2024
715,Aaron Holder,55,Damonshire,14-02-2024
716,David Phillips,62,Sotoside,19-04-2024
717,Leonard Hamilton,19,Shawchester,11-05-2022
718,David Travis,54,Lake Kayla,21-12-2023
719,Teresa Hernandez,42,Rachelstad,09-08-2025
720,Charles Nichols,48,South Melissa,16-05-2022
721,Sally James,18,Paulville,28-01-2022
722,Karen Johnson,40,East Amy,14-07-2022
723,Ashley Palmer,37,Christinaside,02-04-2022
724,Dustin Jones,42,Patelfurt,14-10-2022
725,Jesse Valdez,44,Gutierrezborough,21-03-2023
726,Laura Smith,52,East Jimmy,01-02-2023
727,Erik Myers,65,North Lisa,24-06-2023
728,Bobby Hicks,65,Markberg,22-06-2024
729,Teresa Olsen,52,Morganborough,22-05-2022
730,Donald Hill,56,West David,13-04-2025
731,Alexandra Lopez,32,New Frankchester,08-02-2022
732,Kelly Reid,49,East Angela,07-07-2023
733,Patricia Walker,32,East Jacquelineton,12-08-2025
734,Robert Green,35,Port Kyle,15-10-2022
735,John Palmer,45,Codyfort,20-03-2024
736,Craig Mills MD,49,North Virginiafort,01-01-2024
737,Sarah Hughes,19,Port Alice,07-09-2025
738,Jill Ray,42,East Melissa,16-12-2021
739,Terry Williams,39,Joshuaburgh,05-01-2022
740,Wendy Moore,60,North Steven,10-04-2025
741,Kathryn Williams,61,Johnmouth,30-04-2024
742,Samantha Cuevas,43,Floresberg,01-04-2024
743,Megan Hernandez,64,Cardenasbury,14-08-2023
744,Stephanie Nguyen,28,Smithport,22-10-2023
745,Carol Lee,47,New Laura,13-01-2024
746,Gregory Miller,26,Derekstad,19-10-2024
747,Ray Miller,57,West Gary,04-11-2022
748,Donald Nelson,52,New Sandra,21-04-2025
749,Kristen Vargas,19,New Gracefort,15-05-2025
750,Autumn Steele,43,Wrighttown,30-10-2025
751,Jennifer Arroyo,55,Houstonburgh,16-07-2024
752,Mark Moore,54,Padillaville,10-04-2022
753,Keith Riley,60,South Jessica,15-05-2024
754,Ryan Nixon,19,Kimberlyburgh,26-12-2024
755,Amanda Harris,23,South Vincent,20-01-2025
756,Stacy Bass,59,South Michael,26-09-2025
757,Nicole Rasmussen,45,Guzmanberg,03-02-2024
758,Luis Morris,26,Port Haley,19-12-2021
759,Christopher Wright,47,Port Andreaview,14-04-2025
760,Kevin Harris,29,Alvarezfurt,13-02-2024
761,Deborah Jones,21,Masonport,07-10-2024
762,Ryan Sutton,34,West Noah,14-03-2024
763,Joseph Moore,42,New Andrewview,03-03-2024
764,Jason Davidson,38,East Deniseton,06-05-2024
765,Christopher Hill,31,Diazport,17-12-2021
766,Paul Foley,47,Thompsonton,05-06-2024
767,Scott Donaldson,38,Lake Kent,30-07-2022
768,Karen Cabrera,39,Johnsonburgh,06-07-2022
769,Felicia Moore,42,Lake Joseph,17-07-2025
770,Natasha Delgado,35,Lake Dawnshire,10-01-2022
771,Rhonda White,44,South Cole,24-01-2025
772,Amy Hill,34,Austinborough,31-03-2022
773,Brian Buchanan,23,Castrochester,08-04-2024
774,Amber Freeman,48,Donovanville,09-10-2023
775,Loretta Hall,19,North Jonathan,28-08-2024
776,Kenneth Estrada,65,North Christopherfort,30-07-2022
777,James Hernandez,52,Sandraberg,14-02-2022
778,Justin Banks,21,Angelicaview,03-05-2025
779,Caleb Harris,40,Linland,14-01-2022
780,Stephanie Wilson,32,New Melaniemouth,10-01-2025
781,Sandra Sanchez,59,East Elizabethborough,13-03-2025
782,Jacqueline Jenkins,22,East Marcusshire,29-12-2023
783,Paul Garcia,59,West Wesley,01-04-2024
784,Erika Johnson,20,Kylemouth,07-03-2024
785,Antonio Peters,19,Allenshire,04-07-2025
786,Ronald Daniels,33,Zacharyfort,14-08-2025
787,Virginia Burns,30,Corymouth,07-08-2024
788,Eileen Myers,19,Port Rhondaview,02-12-2025
789,Mike Fleming,57,West Natashabury,23-06-2022
790,Beth Steele,27,Garyland,11-12-2021
791,Jill Vance,33,West Emily,10-12-2021
792,Scott Cain,26,Mccormickshire,25-10-2024
793,Julie Willis,48,Robertstad,22-08-2023
794,Sheryl Stout,60,South Alexanderfort,02-07-2025
795,Hannah Wright,25,New Vanessaview,09-08-2025
796,Lisa Crawford,54,East Charles,09-08-2024
797,Kevin James,31,East Stephanieview,30-05-2022
798,Carrie Hernandez,47,North Gregoryfurt,25-08-2024
799,Stacey Mcintyre,62,Justintown,13-03-2024
800,Kelsey Brown,34,Georgemouth,11-10-2022
801,William Smith,41,Lamborough,22-06-2023
802,Deborah Combs,28,Davidshire,08-08-2023
803,Courtney Robinson,56,Blakemouth,13-04-2023
804,Mr. Jordan Mcknight,56,East Jenniferburgh,07-10-2024
805,James Lewis,65,West Thomas,27-09-2022
806,Heather Montgomery,63,East Sarahmouth,22-02-2025
807,Krista Ortega,25,East Brianfort,18-12-2022
808,Cory Morales,28,Estesmouth,24-08-2022
809,Alexandra Diaz,37,Hollandhaven,12-07-2022
810,Richard Jackson,24,Walshville,10-12-2022
811,Alec Wilson,55,West Laurie,29-10-2023
812,Michele Ross,19,Johnview,03-12-2024
813,Laura Smith,37,South Dakota,15-01-2024
814,Jeffrey Fuller,54,East Kenneth,12-03-2024
815,Helen Herrera,61,New Joseport,06-08-2023
816,Julie Marquez,42,East Nataliemouth,15-12-2024
817,Allen Moody,43,Snowside,20-10-2024
818,John Watkins,63,Reneemouth,30-11-2023
819,William Burns,30,West Jamieburgh,14-07-2025
820,Tiffany Carlson,22,Lanestad,06-05-2023
821,Robin Dougherty,55,Martinezville,09-03-2024
822,Xavier Grant,62,West Justin,07-01-2023
823,Alexa Russo,58,Port Kristenville,17-10-2024
824,Terri Casey,33,Cooperborough,31-01-2022
825,Crystal Scott,24,West Kathrynton,19-01-2024
826,Deborah Cline,62,Charlesport,14-09-2022
827,Richard Greene,37,Victorberg,22-08-2025
828,Terri Garrison,61,New Brandi,11-10-2024
829,Martin Randall,56,Timothybury,03-10-2022
830,Donald Day,25,Port Robinshire,25-07-2022
831,Alexandra Sullivan,54,Sarahbury,07-04-2023
832,Jeffrey Peters,20,Parksborough,28-06-2022
833,Dr. Kelsey Cummings DDS,40,Port Tiffanyland,20-01-2023
834,Javier Montgomery,52,Parkerborough,12-12-2021
835,John Richardson,45,South Deanville,02-09-2022
836,Scott Jones,60,Brendaside,11-12-2024
837,Gina Lane MD,41,South Caitlin,18-10-2024
838,Dawn Wagner,22,Lake Bethany,17-02-2022
839,Kelly Reyes,50,New Timothyport,13-12-2023
840,Marc Noble,59,Tonyastad,25-08-2025
841,Donald Wheeler,39,South Robert,23-11-2023
842,Julia Glover,18,East Cindy,16-12-2021
843,Lisa Gomez,44,Williamsview,20-10-2022
844,Lindsey Jones,49,West Kimberly,11-01-2023
845,Kelly Mccarthy,24,Kylemouth,02-07-2022
846,Robin Reed,45,Lake Joe,02-06-2022
847,David Benjamin,41,Dunnshire,07-07-2023
848,Brian Hutchinson,58,Schaeferhaven,30-11-2022
849,Makayla Bryant,47,Wrighthaven,08-03-2022
850,Paul Newman,63,Spearsville,14-06-2022
851,Eric Hendricks,27,West Mary,22-06-2022
852,Cindy Wilcox,45,Joannaville,28-04-2022
853,Amanda Campbell,29,Danielport,15-02-2023
854,Dennis Thompson,64,Margaretchester,13-09-2024
855,Abigail Garcia,51,Hintonville,20-05-2023
856,Douglas Smith,59,Lake Karen,22-05-2022
857,Martin Vasquez,35,Johnbury,31-07-2025
858,Alexis Jordan,57,Fryport,09-07-2025
859,Colleen Miles,52,West Kristy,18-02-2025
860,Stacy Glover,48,Maxland,29-05-2024
861,William Wilkerson,47,Robinsonmouth,29-09-2025
862,Andrea Holt,45,Charlesberg,08-03-2024
863,Nicholas Taylor,64,South Melvinchester,11-12-2022
864,Katie Cook,55,Popemouth,24-05-2024
865,Kevin Watson,35,East Dennisland,11-09-2023
866,Joel Mcdaniel,38,New Karla,26-03-2024
867,Isaiah Johnson,33,Carrmouth,11-03-2022
868,David Watson,23,South Codyberg,17-02-2022
869,Vanessa Gill,35,Jackberg,05-06-2023
870,Christopher Mitchell,46,East Brianmouth,11-03-2022
871,Lindsay Madden,33,East Juliachester,25-06-2023
872,Brittany Parrish,47,South Kimberly,18-08-2022
873,Jason Lamb,54,Holmeston,26-04-2022
874,Kimberly Gibson,57,North Lisaside,03-12-2022
875,Natalie Collins,60,New Robert,15-05-2024
876,Michele Rojas,42,North Sarahbury,25-03-2025
877,Robert Stout,39,East Sarahtown,28-09-2022
878,Gregory Hernandez,19,New Stephanie,14-06-2023
879,Jessica Cochran,49,Lake Kenneth,09-06-2023
880,Kim Callahan,38,Port Robertbury,15-10-2024
881,Aaron Cook,29,Stokesland,05-02-2022
882,Miguel Oconnell,49,East Spencer,19-09-2025
883,Stephen Rodgers,31,Fernandezshire,01-09-2024
884,Rita Robles,40,Port Kristen,09-06-2024
885,Christian Adkins,34,Lake Miranda,20-01-2024
886,Robert Wallace,39,Schultzland,08-08-2022
887,Kevin Green,35,North Chelseafurt,08-12-2023
888,James Potts,56,East Michelle,03-10-2025
889,Scott Evans,62,Port Patriciastad,05-02-2023
890,Brian Murray,35,Mccoyhaven,01-10-2025
891,Kimberly Martin,53,Taylorstad,23-07-2022
892,Anna Edwards,18,Donnaburgh,27-12-2024
893,William Cruz,51,East Alexander,13-07-2022
894,Victoria Hinton,30,Savageburgh,12-11-2023
895,Todd Mitchell,23,New Alexshire,02-10-2024
896,David Mendoza,33,Joeland,12-01-2022
897,Donna Stokes,64,Lake Marcoborough,28-11-2024
898,Chelsea Murray,44,Brianchester,06-09-2022
899,Terri Mcknight,49,West Gary,09-08-2022
900,Andrew Villarreal,53,Port Kristinaside,29-11-2025
901,Virginia Maxwell,33,West Richardborough,11-12-2023
902,David Barnes,62,Ashleeville,14-08-2024
903,Sean Alvarez,48,Williamsberg,06-10-2024
904,Steven Zamora,59,Port Richard,26-06-2022
905,Susan Jordan,63,Lake Adam,24-11-2025
906,Robert Richard,49,Greenport,05-02-2024
907,Martha Harris,46,West Richard,05-03-2025
908,Ethan Cruz,19,Williamfort,19-12-2021
909,Dustin Moreno,23,Port Brian,03-02-2025
910,Michael Jordan,36,Allisonside,22-06-2022
911,Brian Mckinney,32,Castilloland,30-11-2025
912,Barbara Huffman,43,New Courtneymouth,28-08-2025
913,John Andrews,62,Davidbury,05-01-2024
914,Richard Schultz,33,Jermainefort,10-10-2024
915,Wendy Cox,37,Port Valerieburgh,17-09-2023
916,Timothy Williams,60,New Ashleymouth,09-09-2024
917,Russell Warren,55,Frederickberg,29-10-2022
918,Lisa Cruz,41,South Stephen,12-11-2025
919,Tiffany Malone,48,West Meghantown,09-07-2024
920,Nichole Johns,53,West John,10-02-2024
921,Charles Williams,51,Riggstown,30-08-2025
922,Donna Kennedy,40,Williamsonbury,17-06-2022
923,Joshua Padilla,45,Haashaven,26-04-2025
924,Amy Evans,65,North Kristenstad,14-10-2022
925,Javier Murray,53,Stevenport,30-09-2024
926,Justin Wood,39,East Daniel,10-07-2025
927,Michelle Garcia,40,Port Alexis,31-12-2024
928,Michael Price,62,New Regina,24-12-2022
929,Diana Moore,47,South Margaretborough,16-09-2025
930,James Fisher,35,Mackmouth,20-01-2024
931,Patricia Clark,37,Port Frank,24-07-2025
932,Adam Mathis,34,North Sara,30-04-2024
933,Curtis Anderson,32,Lake Joefurt,11-12-2022
934,Krista Hendricks,25,Salazarside,03-04-2022
935,Tara Hunt,64,Donnamouth,20-01-2022
936,Kimberly Vargas,30,East Benjaminside,01-10-2023
937,Laura Riley,38,Lake Shannon,17-07-2022
938,Rachael Reyes,25,Jamesside,07-09-2022
939,Jennifer Ritter,65,Charlesstad,21-01-2025
940,James Wright,52,West Stevenville,20-01-2023
941,Cynthia Fisher,62,Thomasburgh,23-08-2025
942,Sean Bailey,29,Port Jonathan,09-09-2022
943,Dustin Mclaughlin,30,Lake Michael,08-10-2025
944,Emily West,31,Andreatown,23-02-2023
945,Michelle Morgan,65,Danielfurt,23-05-2022
946,Curtis Hopkins,48,West Jessica,04-10-2022
947,Stephanie Mercer,35,South Kelly,22-12-2023
948,Mandy Gilbert,64,Hollyview,09-02-2024
949,Melanie Schneider,55,Smithfort,30-12-2023
950,Mrs. Kristina Hanson,51,Donnamouth,18-05-2025
951,Deborah Chen,56,Lake Thomas,09-10-2025
952,Mackenzie Davis,36,South Shannon,23-09-2024
953,Kevin Myers,24,Port Heidihaven,19-10-2025
954,Patrick Palmer,30,East Wesleyview,16-07-2023
955,Valerie Williams,36,Jonesport,23-08-2023
956,Melissa Riley,32,West Patriciaburgh,28-03-2022
957,Fred Castro,41,Jonesmouth,15-12-2021
958,Olivia Parks,29,Christophershire,22-12-2024
959,Samantha Smith,37,Bakerburgh,15-06-2022
960,Cynthia Schmidt,18,West Joseph,24-11-2024
961,Shannon Bennett,63,Hayesfort,08-12-2023
962,Nicholas Kim,52,South Alexanderside,10-08-2023
963,Diane Mcbride,26,Brandonmouth,23-10-2025
964,John Robinson,35,Annaberg,14-03-2025
965,Tyler Johnson,20,Kennethbury,16-02-2023
966,Derek Santana,21,Wendyton,05-12-2022
967,Tyler Smith,53,Russellhaven,26-06-2025
968,Robert Hill PhD,36,Port Kimberly,01-11-2023
969,Sarah Allen,62,Boyershire,02-06-2025
970,Cristina James,26,Emilychester,29-01-2024
971,Roger Williamson,58,Lake Jerrychester,09-08-2025
972,Robin Long,49,Schultzhaven,18-06-2023
973,Carolyn Kelley,24,Port Heatherfort,30-05-2024
974,Erik Davis,18,Port Allenfort,20-03-2024
975,Valerie Gonzalez,54,Meghanton,08-02-2023
976,Timothy Wright,36,Tonyaborough,17-07-2024
977,Mark Stafford,48,West Robert,04-08-2024
978,Veronica Little,48,Barnesborough,15-07-2024
979,Jasmine Woodard,46,Lisamouth,20-10-2025
980,Kristine Morrison,39,Richardton,07-02-2025
981,Penny Henry,29,North Sean,17-08-2022
982,Mrs. Terri Hart MD,21,Rachelside,05-11-2022
983,Dean Welch,34,West Michael,22-07-2025
984,Teresa Lopez,48,Masseyside,15-06-2024
985,Elizabeth Miller,25,North Monica,26-07-2023
986,Alisha Briggs,22,South Anthonyside,28-11-2023
987,Richard Cooper,43,Parkerport,01-04-2024
988,Jacob Conrad,49,East Carlbury,31-03-2025
989,Kerry Harris,22,South Brian,06-08-2023
990,Danielle Morris,54,Marcusstad,20-10-2022
991,Calvin Weaver,58,Port Regina,07-08-2025
992,James Malone,61,Snyderville,24-06-2025
993,Mrs. Isabel Wright DDS,21,Greenfort,26-06-2023
994,Joe Brock,27,North Melissaberg,30-08-2022
995,Catherine Wallace,27,Lake Aaronberg,28-10-2024
996,Kimberly Hartman,54,Reneeborough,25-12-2024
997,Cheryl Jackson,37,North Kimberlyland,28-12-2023
998,Elizabeth Decker,23,Fosterhaven,02-01-2025
999,Adam Harmon,33,Torresport,22-11-2022
1000,Lisa Moore,25,Andrebury,11-04-2022
1001,Caitlin Mann,53,Jamesshire,05-05-2025
1002,Clifford Cole,44,Edgarborough,04-12-2025
1003,Autumn Harris,56,Savannahberg,13-07-2022
1004,Paul Garner,56,Port Paul,30-09-2024
1005,Gabriel Johnson,57,Lisachester,13-05-2024
1006,Derrick Patel,32,Port Samuel,19-09-2025
1007,Scott Torres DDS,51,Johnsonborough,18-07-2025
1008,Mark Smith,42,Port Julie,20-06-2022
1009,Kaitlyn Miller,46,East Shannonshire,07-09-2025
1010,Dustin Smith,46,Larsonmouth,26-07-2025
1011,Raven Brooks,37,Port Carolburgh,21-08-2025
1012,Rhonda Williams,55,East Chrisville,04-06-2022
1013,Christine Golden,45,Lake Jose,09-11-2025
1014,Amanda Davis,37,Keithborough,04-06-2024
1015,Donna Simpson,54,Mcleanton,27-01-2024
1016,Craig Moore,57,East Anthonyshire,22-09-2023
1017,Brandi Nguyen,21,South Nicholasview,30-03-2025
1018,Nancy Martinez,57,Shawnaburgh,23-09-2025
1019,Maria Doyle,65,Howardport,13-10-2023
1020,Heather Skinner,24,New Michael,01-02-2024
1021,Brandy Martinez,31,West Anthonyberg,05-10-2024
1022,Heidi Jones,58,Brewerton,26-10-2024
1023,Robin Freeman,31,New Adam,06-09-2022
1024,Troy Frazier,34,Reynoldsstad,02-07-2024
1025,Kimberly Hernandez,60,East Jack,27-05-2025
1026,Kristen Wilson,23,Williamfort,06-04-2024
1027,Alicia Odonnell,28,Jorgeshire,05-04-2025
1028,Michael Wright,33,Masseystad,08-12-2024
1029,Kathryn Garcia,29,Garciachester,26-10-2022
1030,Monica Ross,53,Lanceshire,14-03-2025
1031,Jeffrey Wilson,22,Lake Emma,14-11-2023
1032,Richard Leon,28,Robinsontown,19-11-2023
1033,Ashley Hansen,18,Glennmouth,22-10-2025
1034,Brandon Gross,44,East Jasonmouth,04-02-2022
1035,Melissa Peterson,46,Dawnfort,06-09-2023
1036,Alyssa Ramsey,62,Lake Seanburgh,11-08-2024
1037,Brian Bell,56,North John,23-03-2023
1038,Andrew Medina,48,Dannybury,25-09-2025
1039,Patricia Pitts,36,Ashleyshire,15-02-2025
1040,Paige Vargas,20,Billyshire,18-09-2022
1041,Lisa Wheeler,32,Mercerfurt,07-12-2022
1042,Shannon Spears,36,Soniaville,18-12-2024
1043,Madison Robinson,63,North Travis,16-07-2022
1044,Amy Perkins,36,Johnfurt,02-05-2023
1045,Christopher Sullivan,62,Andersontown,06-12-2022
1046,Margaret Bishop,47,West Kristophermouth,05-03-2023
1047,Jose Rodriguez,22,Youngborough,17-02-2025
1048,Linda Scott,61,West Steven,24-07-2025
1049,Tammy Fuller,32,Hallstad,07-01-2024
1050,Jason Goodman,34,Vincentshire,27-08-2022
1051,Ashley Luna,58,Jordanview,15-01-2024
1052,Patrick Phillips,55,Christianmouth,14-05-2025
1053,Olivia Taylor,60,Avilaberg,08-12-2022
1054,John Garcia,30,Port Megan,09-09-2024
1055,Samuel Kelly,45,Samueltown,14-09-2025
1056,Benjamin Maldonado,25,South Scott,11-08-2022
1057,Amanda Santiago,52,North Donaldton,10-06-2024
1058,Cody Garcia,32,Lake Jenniferland,06-10-2024
1059,Sean Stevens,59,Everettmouth,21-07-2025
1060,Maria Rogers,27,Stevensburgh,01-01-2025
1061,Ryan Owens III,35,Parkermouth,11-05-2025
1062,Brandy Baldwin,27,Kimberlytown,24-01-2023
1063,Justin Hall,22,Jensentown,18-06-2023
1064,Christopher Jones,21,New Eddieland,21-09-2023
1065,Mariah Zimmerman,28,Bruceberg,30-08-2023
1066,Heather Tran,37,Myersberg,13-04-2022
1067,Tami Summers,56,Smithfort,01-03-2025
1068,John Pittman,65,Ochoahaven,23-02-2022
1069,Jose Murray,54,Lake Emma,02-02-2025
1070,Tonya Coleman,36,Port Scott,03-09-2023
1071,Charles Odom,46,Nancyshire,16-01-2023
1072,April Townsend,25,Floreschester,05-09-2022
1073,Stanley Miller,47,New Natalieview,28-04-2024
1074,Andrew Scott,62,East Deborah,30-12-2021
1075,Tyler Forbes,37,Port Robynberg,23-11-2025
1076,Judy Thompson,62,North Tonyhaven,26-01-2022
1077,Sharon Rodriguez,43,Port Michelle,26-07-2025
1078,Jennifer Miller,35,South Andrea,24-01-2023
1079,Kimberly Robbins,50,Crystalville,22-09-2022
1080,Linda Bartlett,52,West Travis,04-05-2025
1081,Jacob Buckley,49,Port Kevin,25-02-2025
1082,Benjamin Wood,46,Port Jefferyburgh,24-06-2025
1083,Brett Peterson,23,Brownmouth,19-08-2024
1084,Christy Hubbard,56,New Bonniefort,19-03-2024
1085,Nathan Arnold,20,Hamiltonmouth,28-05-2023
1086,April Cunningham,45,Teresaton,08-05-2025
1087,Patrick Duffy,65,North Monicamouth,28-05-2025
1088,Daniel Daniel,38,Andreton,27-01-2024
1089,Colleen Harris,56,West Robinmouth,04-04-2023
1090,Alexis Cabrera,34,Wilkinsborough,18-12-2024
1091,Sandra West,19,Lauraberg,22-01-2022
1092,Victoria Price,23,Greenview,09-09-2023
1093,Madison Davis,32,New Sandrashire,22-06-2025
1094,Katherine Miller,61,Carlosland,04-05-2025
1095,Amber Phillips,54,West Yolandaberg,07-01-2022
1096,Tyrone Mason,55,South Johnny,12-12-2024
1097,Christopher Parker,19,Kellychester,15-03-2025
1098,Juan Miller,61,Poolefort,18-05-2024
1099,Lisa Thomas,35,Jamesfort,25-04-2023
1100,Angel Ray,54,Lake Malikview,24-09-2024
1101,Wanda Summers,20,Danielleton,25-11-2024
1102,Kimberly Porter,29,East Jacqueline,01-07-2023
1103,Tiffany Mitchell,48,Lake Michael,21-02-2022
1104,Emily Love,51,Jamesstad,20-10-2023
1105,Cheryl Snyder,59,Melissaville,16-12-2021
1106,Michael Oconnell,46,Jamesberg,16-10-2023
1107,Robin Smith,35,East Sherylmouth,17-08-2025
1108,Karen Sanchez,29,Evelynfort,20-03-2024
1109,Karen Smith,55,Lake Nathanielfurt,09-02-2023
1110,Nicole Skinner,45,Watsonborough,21-06-2024
1111,Steven Mcbride,58,Hallmouth,10-10-2024
1112,Donna Wallace,49,North Richard,08-05-2025
1113,Joseph Frazier,23,West Scottfort,01-08-2022
1114,Renee Mcmahon,48,Melissaland,06-11-2022
1115,Craig Davis,40,West Amberton,10-03-2025
1116,Andrew Rodriguez,44,New Christopherchester,12-02-2023
1117,Angelica Willis,39,South Barbaramouth,22-07-2024
1118,Pamela Best,38,Johnsonmouth,16-02-2024
1119,Denise Mendez,60,Lake Allison,06-05-2022
1120,Alejandro Barton,24,West Kevinmouth,01-07-2022
1121,Jeremiah Haynes,28,Margaretfurt,07-11-2022
1122,John Cooper,39,Port Allison,27-10-2022
1123,John Walker,44,South Scott,27-12-2023
1124,Andrea Mcdonald,62,Henryfort,13-08-2023
1125,Troy Deleon,49,Hollowaybury,07-07-2024
1126,Adam Richmond,36,Stephensmouth,05-07-2022
1127,Karen Torres,60,Stephanieborough,14-06-2025
1128,Joshua Quinn,43,Kaylastad,11-07-2022
1129,Jasmine Best,53,Melissaburgh,03-04-2023
1130,Mario Camacho,20,Foxberg,29-09-2022
1131,Christian Martin,47,Nelsonbury,21-10-2022
1132,Daniel Carr,23,Yatestown,13-10-2025
1133,Jason Watson,38,New Helenmouth,10-03-2024
1134,Olivia Morris,34,Murphyview,26-02-2023
1135,Ian Edwards,38,Knightstad,12-02-2023
1136,Larry Rice,25,East Stephanieborough,16-03-2025
1137,Rodney Jenkins,43,North Erintown,12-08-2024
1138,Donald Manning,50,West Nicoleburgh,26-08-2022
1139,Lisa Ryan,18,Patelville,01-05-2025
1140,Robert Miranda,60,Suzanneville,22-09-2024
1141,Yvonne Vargas,52,Lawrenceburgh,20-07-2025
1142,Lori Medina,47,East John,29-11-2023
1143,Patricia Smith,44,Lake Paul,21-07-2024
1144,Katelyn Wong,21,Valenzuelahaven,28-07-2024
1145,Tyler Barker,30,Lake Vanessa,27-11-2024
1146,Mario Turner,51,Markmouth,19-08-2024
1147,Allison Austin,41,Louisland,04-12-2023
1148,Paul Melton,57,Pamelastad,07-07-2022
1149,Thomas Robles,49,Jonesview,29-04-2025
1150,Melissa Allen,58,Sellersfort,26-03-2023
1151,Scott Smith,46,Combsfurt,22-09-2022
1152,Isaiah Thomas,21,Port Bradleymouth,04-01-2025
1153,Michele Lyons,31,West Jonathanside,09-07-2022
1154,Robert Trevino,35,Bobbyberg,31-03-2025
1155,Charles Carter,53,East Danielleland,19-01-2023
1156,Shannon May,26,Grayport,29-10-2022
1157,Jose Mann,36,Mirandafort,03-09-2025
1158,Shelly Rodriguez,46,West Megan,16-11-2023
1159,Matthew Benitez,62,North Crystalhaven,28-02-2025
1160,Michele Atkins,49,New Lorifurt,22-07-2025
1161,Yolanda Rocha,25,Harrismouth,12-06-2023
1162,Dustin Garcia DVM,19,Lake Christopher,06-03-2025
1163,Jeremy Harvey,58,New Trevor,27-05-2023
1164,Keith Butler,56,Susanstad,19-01-2024
1165,Jose Jones,33,West David,30-03-2022
1166,Derek Pearson,63,Michaelshire,08-05-2023
1167,Gregory Hahn,28,East Aaronmouth,18-10-2023
1168,Miguel Allen,37,West Shelbyburgh,20-09-2025
1169,Kathleen Johnson,53,Brianton,21-06-2025
1170,Amy Reyes,18,North Emilyside,14-05-2024
1171,Heather Elliott,53,South Jenniferfort,23-09-2024
1172,Jacob Franco,44,Lorraineburgh,20-08-2023
1173,Deborah Gallegos,23,East Feliciaton,24-09-2023
1174,Matthew Herrera,32,Reginabury,06-06-2024
1175,Heather Banks,25,Justinchester,14-03-2022
1176,Randy Graves,47,Wellsfurt,20-09-2023
1177,Leah Castro DDS,25,Baileyton,09-02-2024
1178,Brian Flores,59,Lake Tashaport,03-09-2025
1179,Charles Wells,27,Lake Danielview,06-09-2024
1180,Zachary Roberts,49,Port Johnmouth,23-06-2025
1181,Daniel Williams,63,South Crystalshire,20-02-2022
1182,Adrian Kelly,36,New Stephanie,17-12-2022
1183,Summer Rogers,50,East Morganberg,04-11-2025
1184,Jeffrey Winters,63,Toddbury,02-03-2025
1185,Lisa Martinez,35,Jamieberg,09-11-2024
1186,Scott Olson,44,West Thomaschester,02-12-2024
1187,Jennifer Combs,48,New Aprilburgh,03-08-2024
1188,Alexander Maldonado,48,Aguilarside,13-05-2024
1189,Mary Morales,33,Smithfurt,23-01-2024
1190,Jennifer Galvan,47,North Jasonfort,08-10-2023
1191,Vincent Jones,53,Ericaton,16-03-2024
1192,Donna Harris,27,East William,31-03-2024
1193,Vincent Young,42,Megantown,27-08-2022
1194,Dalton Anderson,30,New Alexandrachester,02-07-2022
1195,Jose Huffman DDS,56,Manningfurt,22-12-2022
1196,William Crane,50,Pamelaview,15-10-2023
1197,Rebecca Lam,65,Barrfort,08-05-2022
1198,Gerald Roberts,26,Allisonhaven,09-09-2022
1199,April Williams,22,Jonesville,06-09-2024
1200,Kenneth Barron,35,Hollyfort,06-08-2023
